<?xml version="1.0" encoding="UTF-8"?>
<Global-Data>
<Global-NRC>
<GNRC ID = "10"><LABEL>generalReject</LABEL></GNRC>
<GNRC ID = "11"><LABEL>serviceNotSupported</LABEL></GNRC>
<GNRC ID = "12"><LABEL>subFunctionNotSupported</LABEL></GNRC>
<GNRC ID = "13"><LABEL>incorrectMessageLengthOrInvalidFormat</LABEL></GNRC>
<GNRC ID = "14"><LABEL>responseTooLong</LABEL></GNRC>
<GNRC ID = "21"><LABEL>busyRepeatRequest</LABEL></GNRC>
<GNRC ID = "22"><LABEL>conditionsNotCorrect</LABEL></GNRC>
<GNRC ID = "24"><LABEL>requestSequenceError</LABEL></GNRC>
<GNRC ID = "25"><LABEL>noResponseFromSubnetComponent</LABEL></GNRC>
<GNRC ID = "26"><LABEL>failurePreventsExecutionOfRequestedAction</LABEL></GNRC>
<GNRC ID = "31"><LABEL>requestOutOfRange</LABEL></GNRC>
<GNRC ID = "33"><LABEL>securityAccessDenied</LABEL></GNRC>
<GNRC ID = "35"><LABEL>invalidKey</LABEL></GNRC>
<GNRC ID = "36"><LABEL>exceedNumberOfAttempts</LABEL></GNRC>
<GNRC ID = "37"><LABEL>requiredTimeDelayNotExpired</LABEL></GNRC>
<GNRC ID = "70"><LABEL>uploadDownloadNotAccepted</LABEL></GNRC>
<GNRC ID = "71"><LABEL>transferDataSuspended</LABEL></GNRC>
<GNRC ID = "72"><LABEL>generalProgrammingFailure</LABEL></GNRC>
<GNRC ID = "73"><LABEL>wrongBlockSequenceCounter</LABEL></GNRC>
<GNRC ID = "78"><LABEL>requestCorrectlyReceived_ResponsePending</LABEL></GNRC>
<GNRC ID = "7E"><LABEL>subFunctionNotSupportedInActiveSession</LABEL></GNRC>
<GNRC ID = "7F"><LABEL>serviceNotSupportedInActiveSession</LABEL></GNRC>
<GNRC ID = "81"><LABEL>rpmTooHigh</LABEL></GNRC>
<GNRC ID = "82"><LABEL>rpmTooLow</LABEL></GNRC>
<GNRC ID = "83"><LABEL>engineIsRunning</LABEL></GNRC>
<GNRC ID = "84"><LABEL>engineIsNotRunning</LABEL></GNRC>
<GNRC ID = "85"><LABEL>engineRunTimeTooLow</LABEL></GNRC>
<GNRC ID = "86"><LABEL>temperatureTooHigh</LABEL></GNRC>
<GNRC ID = "87"><LABEL>temperatureTooLow</LABEL></GNRC>
<GNRC ID = "88"><LABEL>vehicleSpeedTooHigh</LABEL></GNRC>
<GNRC ID = "89"><LABEL>vehicleSpeedTooLow</LABEL></GNRC>
<GNRC ID = "8A"><LABEL>throttle_PedalTooHigh</LABEL></GNRC>
<GNRC ID = "8B"><LABEL>throttle_PedalTooLow</LABEL></GNRC>
<GNRC ID = "8C"><LABEL>transmissionRangeNotInNeutral</LABEL></GNRC>
<GNRC ID = "8D"><LABEL>transmissionRangeNotInGear</LABEL></GNRC>
<GNRC ID = "8F"><LABEL>brakeSwitchNotClosed</LABEL></GNRC>
<GNRC ID = "90"><LABEL>shifterLeverNotInPark</LABEL></GNRC>
<GNRC ID = "91"><LABEL>torqueConverterClutchLocked</LABEL></GNRC>
<GNRC ID = "92"><LABEL>voltageTooHigh</LABEL></GNRC>
<GNRC ID = "93"><LABEL>voltageTooLow</LABEL></GNRC>
</Global-NRC>
</Global-Data>