<?xml version="1.0" encoding="UTF-8"?><?xml-stylesheet type='text/xsl' href='_UpgradeReport_Files/UpgradeReport.xslt'?><UpgradeLog>
<Properties><Property Name="Solution" Value="GDCOM_Configurator">
</Property><Property Name="Solution File" Value="D:\Projects\C#_task_GDCOM\Working_Now\GDCOM_Configurator\GDCOM_Configurator.sln">
</Property><Property Name="User Options File" Value="D:\Projects\C#_task_GDCOM\Working_Now\GDCOM_Configurator\GDCOM_Configurator.suo">
</Property><Property Name="Date" Value="Friday, February 21, 2014">
</Property><Property Name="Time" Value="9:13 AM">
</Property></Properties><Event ErrorLevel="0" Project="" Source="GDCOM_Configurator.sln" Description="File successfully backed up as D:\Projects\C#_task_GDCOM\Working_Now\GDCOM_Configurator\Backup\GDCOM_Configurator.sln">
</Event><Event ErrorLevel="0" Project="" Source="GDCOM_Configurator.suo" Description="File successfully backed up as D:\Projects\C#_task_GDCOM\Working_Now\GDCOM_Configurator\Backup\GDCOM_Configurator.suo">
</Event><Event ErrorLevel="0" Project="GDCOM_Configurator" Source="GDCOM_Configurator\GDCOM_Configurator.csproj" Description="Project file successfully backed up as D:\Projects\C#_task_GDCOM\Working_Now\GDCOM_Configurator\Backup\GDCOM_Configurator\GDCOM_Configurator.csproj">
</Event><Event ErrorLevel="0" Project="GDCOM_Configurator" Source="GDCOM_Configurator\gui_gdcom.cs" Description="File successfully backed up as D:\Projects\C#_task_GDCOM\Working_Now\GDCOM_Configurator\Backup\GDCOM_Configurator\gui_gdcom.cs">
</Event><Event ErrorLevel="0" Project="GDCOM_Configurator" Source="GDCOM_Configurator\gui_gdcom.Designer.cs" Description="File successfully backed up as D:\Projects\C#_task_GDCOM\Working_Now\GDCOM_Configurator\Backup\GDCOM_Configurator\gui_gdcom.Designer.cs">
</Event><Event ErrorLevel="0" Project="GDCOM_Configurator" Source="GDCOM_Configurator\Program.cs" Description="File successfully backed up as D:\Projects\C#_task_GDCOM\Working_Now\GDCOM_Configurator\Backup\GDCOM_Configurator\Program.cs">
</Event><Event ErrorLevel="0" Project="GDCOM_Configurator" Source="GDCOM_Configurator\Properties\AssemblyInfo.cs" Description="File successfully backed up as D:\Projects\C#_task_GDCOM\Working_Now\GDCOM_Configurator\Backup\GDCOM_Configurator\Properties\AssemblyInfo.cs">
</Event><Event ErrorLevel="0" Project="GDCOM_Configurator" Source="GDCOM_Configurator\Properties\Resources.Designer.cs" Description="File successfully backed up as D:\Projects\C#_task_GDCOM\Working_Now\GDCOM_Configurator\Backup\GDCOM_Configurator\Properties\Resources.Designer.cs">
</Event><Event ErrorLevel="0" Project="GDCOM_Configurator" Source="GDCOM_Configurator\Properties\Settings.Designer.cs" Description="File successfully backed up as D:\Projects\C#_task_GDCOM\Working_Now\GDCOM_Configurator\Backup\GDCOM_Configurator\Properties\Settings.Designer.cs">
</Event><Event ErrorLevel="0" Project="GDCOM_Configurator" Source="GDCOM_Configurator\Read_ODX_File.cs" Description="File successfully backed up as D:\Projects\C#_task_GDCOM\Working_Now\GDCOM_Configurator\Backup\GDCOM_Configurator\Read_ODX_File.cs">
</Event><Event ErrorLevel="0" Project="GDCOM_Configurator" Source="GDCOM_Configurator\Unzip.cs" Description="File successfully backed up as D:\Projects\C#_task_GDCOM\Working_Now\GDCOM_Configurator\Backup\GDCOM_Configurator\Unzip.cs">
</Event><Event ErrorLevel="0" Project="GDCOM_Configurator" Source="GDCOM_Configurator\Write_ODX_Mapping.cs" Description="File successfully backed up as D:\Projects\C#_task_GDCOM\Working_Now\GDCOM_Configurator\Backup\GDCOM_Configurator\Write_ODX_Mapping.cs">
</Event><Event ErrorLevel="0" Project="GDCOM_Configurator" Source="GDCOM_Configurator\Properties\Settings.settings" Description="File successfully backed up as D:\Projects\C#_task_GDCOM\Working_Now\GDCOM_Configurator\Backup\GDCOM_Configurator\Properties\Settings.settings">
</Event><Event ErrorLevel="0" Project="GDCOM_Configurator" Source="GDCOM_Configurator\gui_gdcom.resx" Description="File successfully backed up as D:\Projects\C#_task_GDCOM\Working_Now\GDCOM_Configurator\Backup\GDCOM_Configurator\gui_gdcom.resx">
</Event><Event ErrorLevel="0" Project="GDCOM_Configurator" Source="GDCOM_Configurator\Properties\Resources.resx" Description="File successfully backed up as D:\Projects\C#_task_GDCOM\Working_Now\GDCOM_Configurator\Backup\GDCOM_Configurator\Properties\Resources.resx">
</Event><Event ErrorLevel="0" Project="GDCOM_Configurator" Source="GDCOM_Configurator\GDCOM_Configurator.csproj" Description="Project converted successfully">
</Event><Event ErrorLevel="3" Project="GDCOM_Configurator" Source="GDCOM_Configurator\GDCOM_Configurator.csproj" Description="Converted">
</Event><Event ErrorLevel="0" Project="" Source="GDCOM_Configurator.sln" Description="Solution converted successfully">
</Event><Event ErrorLevel="3" Project="" Source="GDCOM_Configurator.sln" Description="Converted">
</Event><Event ErrorLevel="0" Project="GDCOM_Configurator" Source="GDCOM_Configurator\GDCOM_Configurator.csproj" Description="Scan complete: Upgrade not required for project files.">
</Event></UpgradeLog>