<?xml version="1.0" encoding="utf-8"?>
<systemvariables version="4">
  <namespace name="" comment="">
    <namespace name="Analysis" comment="">
      <variable name="SVMonitoringTime" comment="" anlyzLocal="2" type="int" readOnly="false" valueSequence="false" />
      <variable name="SVOperator" comment="" anlyzLocal="2" type="intarray" arrayLength="10" readOnly="false" valueSequence="false" />
      <variable name="SVResponseTime" comment="" anlyzLocal="2" type="intarray" arrayLength="10" readOnly="false" valueSequence="false" />
      <variable name="SVSignal0" comment="" anlyzLocal="2" type="float" readOnly="false" valueSequence="false" />
      <variable name="SVSignal1" comment="" anlyzLocal="2" type="float" readOnly="false" valueSequence="false" />
      <variable name="SVSignal2" comment="" anlyzLocal="2" type="float" readOnly="false" valueSequence="false" />
      <variable name="SVSignal3" comment="" anlyzLocal="2" type="float" readOnly="false" valueSequence="false" />
      <variable name="SVSignal4" comment="" anlyzLocal="2" type="float" readOnly="false" valueSequence="false" />
      <variable name="SVSignal5" comment="" anlyzLocal="2" type="float" readOnly="false" valueSequence="false" />
      <variable name="SVSignal6" comment="" anlyzLocal="2" type="float" readOnly="false" valueSequence="false" />
      <variable name="SVSignal7" comment="" anlyzLocal="2" type="float" readOnly="false" valueSequence="false" />
      <variable name="SVSignal8" comment="" anlyzLocal="2" type="float" readOnly="false" valueSequence="false" />
      <variable name="SVSignal9" comment="" anlyzLocal="2" type="float" readOnly="false" valueSequence="false" />
      <variable name="SVThreshold" comment="" anlyzLocal="2" type="floatarray" arrayLength="10" readOnly="false" valueSequence="false" />
      <variable name="SVTriggerType" comment="" anlyzLocal="2" type="intarray" arrayLength="10" readOnly="false" valueSequence="false" />
    </namespace>
    <namespace name="Stimulus" comment="">
      <variable name="SVNumSignals" comment="" anlyzLocal="2" type="intarray" arrayLength="10" readOnly="false" valueSequence="false" />
      <variable name="SVSignal0" comment="" anlyzLocal="2" type="float" readOnly="false" valueSequence="false" />
      <variable name="SVSignal1" comment="" anlyzLocal="2" type="float" readOnly="false" valueSequence="false" />
      <variable name="SVSignal2" comment="" anlyzLocal="2" type="float" readOnly="false" valueSequence="false" />
      <variable name="SVSignal3" comment="" anlyzLocal="2" type="float" readOnly="false" valueSequence="false" />
      <variable name="SVSignal4" comment="" anlyzLocal="2" type="float" readOnly="false" valueSequence="false" />
      <variable name="SVSignal5" comment="" anlyzLocal="2" type="float" readOnly="false" valueSequence="false" />
      <variable name="SVSignal6" comment="" anlyzLocal="2" type="float" readOnly="false" valueSequence="false" />
      <variable name="SVSignal7" comment="" anlyzLocal="2" type="float" readOnly="false" valueSequence="false" />
      <variable name="SVSignal8" comment="" anlyzLocal="2" type="float" readOnly="false" valueSequence="false" />
      <variable name="SVSignal9" comment="" anlyzLocal="2" type="float" readOnly="false" valueSequence="false" />
      <variable name="SVSignalName" comment="" anlyzLocal="2" type="string" readOnly="false" valueSequence="false" />
      <variable name="SVSignalValues0" comment="" anlyzLocal="2" type="floatarray" arrayLength="10000" readOnly="false" valueSequence="false" />
      <variable name="SVSignalValues1" comment="" anlyzLocal="2" type="floatarray" arrayLength="10000" readOnly="false" valueSequence="false" />
      <variable name="SVSignalValues2" comment="" anlyzLocal="2" type="floatarray" arrayLength="10000" readOnly="false" valueSequence="false" />
      <variable name="SVSignalValues3" comment="" anlyzLocal="2" type="floatarray" arrayLength="10000" readOnly="false" valueSequence="false" />
      <variable name="SVSignalValues4" comment="" anlyzLocal="2" type="floatarray" arrayLength="10000" readOnly="false" valueSequence="false" />
      <variable name="SVSignalValues5" comment="" anlyzLocal="2" type="floatarray" arrayLength="10000" readOnly="false" valueSequence="false" />
      <variable name="SVSignalValues6" comment="" anlyzLocal="2" type="floatarray" arrayLength="10000" readOnly="false" valueSequence="false" />
      <variable name="SVSignalValues7" comment="" anlyzLocal="2" type="floatarray" arrayLength="10000" readOnly="false" valueSequence="false" />
      <variable name="SVSignalValues8" comment="" anlyzLocal="2" type="floatarray" arrayLength="10000" readOnly="false" valueSequence="false" />
      <variable name="SVSignalValues9" comment="" anlyzLocal="2" type="floatarray" arrayLength="10000" readOnly="false" valueSequence="false" />
      <variable name="SVTimedSignalA" comment="" anlyzLocal="2" type="floatarray" arrayLength="10" readOnly="false" valueSequence="false" />
      <variable name="SVTimedSignalB" comment="" anlyzLocal="2" type="floatarray" arrayLength="10" readOnly="false" valueSequence="false" />
      <variable name="SVTimedTriggerType" comment="" anlyzLocal="2" type="intarray" arrayLength="10" readOnly="false" valueSequence="false" />
      <variable name="SVTimeshift" comment="" anlyzLocal="2" type="intarray" arrayLength="10" readOnly="false" valueSequence="false" />
      <variable name="SVTriggerEnabled" comment="" anlyzLocal="2" type="int" startValue="0" minValue="0" maxValue="1" readOnly="false" valueSequence="false" />
      <variable name="SVTriggerHard" comment="" anlyzLocal="2" type="int" startValue="0" minValue="0" maxValue="1" readOnly="false" valueSequence="false" />
      <variable name="SVTriggerSoft" comment="" anlyzLocal="2" type="int" startValue="0" minValue="0" maxValue="1" readOnly="false" valueSequence="false" />
      <variable name="SVTriggerType" comment="" anlyzLocal="2" type="intarray" arrayLength="10" readOnly="false" valueSequence="false" />
    </namespace>
  </namespace>
</systemvariables>