<SW-CNT>
  <IDENT>
    <CNT-DATEI>PRG_15_VWMQBA0----_RdW_RB_ResAus_PTP_X6.xml</CNT-DATEI>
    <CNT-VERSION-INHALT>--X6</CNT-VERSION-INHALT>
    <CNT-VERSION-DATUM>09-05-2016</CNT-VERSION-DATUM>
  </IDENT>
  <DATENBEREICHE>
    <DATENBEREICH>
      <DATEN-NAME>PRG_15_VWMQBA0----_RdW_RB_ResAus_PTP_X6</DATEN-NAME>
      <DATEN-FORMAT-NAME>DFN_HEX</DATEN-FORMAT-NAME>
      <START-ADR>0x00010001</START-ADR>
      <GROESSE-DEKOMPRIMIERT>0x12</GROESSE-DEKOMPRIMIERT>
      <DATEN>0x01,0x00,0x2D,0x2D,0x2D,0x2D,0x2d,0x2d,0x58,0x36,0xFC,0x1D,0xFF,0x1D,0x8B,0xD7,0x28,0x09</DATEN>
    </DATENBEREICH>
  </DATENBEREICHE>
</SW-CNT>